file,group,ground_truth,prediction,localized,score,boxes,iou,pixel_precision,pixel_recall,recall_tol3,elapsed_ms
exp1_num_249594.jpg,crack,crack,crack,True,0.9486,4,0.3219,0.7757,0.3549,0.3936,16.83
exp1_num_265613.jpg,crack,crack,crack,False,0.5698,0,0.0,0.0,0.0,0.0,9.26
exp1_num_276355.jpg,crack,crack,crack,True,0.5588,1,0.0,0.0,0.0,0.0,7.61
exp1_num_3191.jpg,crack,crack,normal,False,0.3876,0,0.0,0.0,0.0,0.0,19.12
exp1_num_32128.jpg,crack,crack,crack,True,0.7489,1,0.2602,0.8925,0.2686,0.356,3.67
exp1_num_339819.jpg,crack,crack,normal,False,0.4054,0,0.0,0.0,0.0,0.0,11.58
exp1_num_342140.jpg,crack,crack,crack,True,0.6256,3,0.0,0.0,0.0,0.0,16.2
exp1_num_85781.jpg,crack,crack,crack,True,0.8038,3,0.2633,1.0,0.2633,0.3763,14.69
exp1_num_86828.jpg,crack,crack,crack,True,0.6927,2,0.1166,1.0,0.1166,0.1863,12.22
exp2_num_116527.jpg,crack,crack,crack,True,0.7549,1,0.2569,0.9652,0.2593,0.3364,8.48
exp2_num_249619.jpg,crack,crack,crack,True,0.9482,4,0.2623,0.8393,0.2761,0.3506,5.72
exp2_num_265639.jpg,crack,crack,crack,True,0.7311,1,0.1429,1.0,0.1429,0.2396,8.77
exp2_num_3211.jpg,crack,crack,crack,True,0.7312,2,0.0,0.0,0.0,0.0,20.26
exp2_num_32153.jpg,crack,crack,crack,False,0.5472,0,0.0,0.0,0.0,0.0,3.43
exp2_num_339841.jpg,crack,crack,normal,False,0.4511,0,0.0,0.0,0.0,0.0,11.82
exp2_num_342162.jpg,crack,crack,crack,True,0.6132,3,0.0,0.0,0.0,0.0,16.6
exp2_num_85846.jpg,crack,crack,crack,True,0.6696,2,0.1046,1.0,0.1046,0.159,12.82
exp2_num_86854.jpg,crack,crack,crack,True,0.644,2,0.087,1.0,0.087,0.1526,12.29
exp3_num_116541.jpg,crack,crack,normal,False,0.3663,0,0.0,0.0,0.0,0.0,8.48
exp3_num_249637.jpg,crack,crack,crack,True,0.543,1,0.0204,1.0,0.0204,0.0349,6.36
exp3_num_265659.jpg,crack,crack,crack,True,0.761,1,0.1311,0.9615,0.1318,0.1986,6.45
exp3_num_32171.jpg,crack,crack,crack,False,0.572,0,0.0,0.0,0.0,0.0,3.03
exp3_num_3223.jpg,crack,crack,crack,True,0.877,3,0.0,0.0,0.0,0.0,20.53
exp3_num_339854.jpg,crack,crack,normal,False,0.4026,0,0.0,0.0,0.0,0.0,11.42
exp3_num_342176.jpg,crack,crack,normal,False,0.5353,0,0.0,0.0,0.0,0.0,16.63
exp3_num_85897.jpg,crack,crack,crack,True,0.6415,2,0.1239,1.0,0.1239,0.1621,10.94
exp3_num_86892.jpg,crack,crack,crack,True,0.6675,2,0.1519,1.0,0.1519,0.1874,11.78
exp4_num_116553.jpg,crack,crack,crack,True,0.8883,2,0.6323,0.9474,0.6553,0.835,8.74
exp4_num_249762.jpg,crack,crack,crack,True,0.6358,4,0.0924,0.9299,0.0931,0.146,5.98
exp4_num_265677.jpg,crack,crack,crack,True,0.554,1,0.0948,1.0,0.0948,0.1682,7.34
exp4_num_32185.jpg,crack,crack,crack,True,0.7417,1,0.2722,0.9889,0.273,0.3834,3.09
exp4_num_3234.jpg,crack,crack,crack,True,0.7794,2,0.0669,0.2892,0.08,0.1017,10.28
exp4_num_339867.jpg,crack,crack,crack,True,0.5461,1,0.155,1.0,0.155,0.2399,10.1
exp4_num_342190.jpg,crack,crack,crack,True,0.6531,3,0.083,0.5441,0.0892,0.1578,11.58
exp4_num_85602.jpg,crack,crack,crack,True,0.8077,3,0.1764,0.8639,0.1814,0.2729,12.97
exp4_num_85998.jpg,crack,crack,crack,True,0.7928,1,0.0999,1.0,0.0999,0.1498,13.26
exp4_num_88149.jpg,crack,crack,crack,True,0.6141,1,0.0905,1.0,0.0905,0.1311,12.92
exp5_num_116575.jpg,crack,crack,crack,True,0.9457,3,0.6765,0.7952,0.8192,0.9479,9.43
exp5_num_249786.jpg,crack,crack,crack,True,0.9485,6,0.4712,0.9391,0.4861,0.5993,6.49
exp5_num_265695.jpg,crack,crack,crack,True,0.8374,1,0.1644,1.0,0.1644,0.2342,6.6
exp5_num_32201.jpg,crack,crack,crack,False,0.5688,0,0.0,0.0,0.0,0.0,3.62
exp5_num_3247.jpg,crack,crack,crack,True,0.755,2,0.0817,0.3807,0.0942,0.1378,12.36
exp5_num_339932.jpg,crack,crack,crack,True,0.8025,1,0.4667,0.9573,0.4766,0.6128,16.92
exp5_num_342212.jpg,crack,crack,crack,True,0.6644,4,0.226,0.5851,0.2691,0.3168,12.8
exp5_num_85642.jpg,crack,crack,crack,True,0.8374,1,0.1777,0.9554,0.1792,0.2496,11.45
exp5_num_86031.jpg,crack,crack,crack,True,0.8442,1,0.1692,0.9252,0.1716,0.2357,11.8
exp5_num_88170.jpg,crack,crack,crack,True,0.7701,1,0.1029,1.0,0.1029,0.1444,10.95
exp6_num_116623.jpg,crack,crack,crack,True,0.9507,2,0.8538,0.9134,0.929,1.0,8.67
exp6_num_249821.jpg,crack,crack,crack,True,0.9233,4,0.2388,0.9844,0.2397,0.3333,6.74
exp6_num_265737.jpg,crack,crack,crack,True,0.8289,3,0.0,0.0,0.0,0.0,8.2
exp6_num_32235.jpg,crack,crack,crack,False,0.5609,0,0.0,0.0,0.0,0.0,3.06
exp6_num_3279.jpg,crack,crack,crack,True,0.9358,11,0.203,0.3103,0.37,0.5062,23.14
exp6_num_339965.jpg,crack,crack,normal,False,0.2854,0,0.0,0.0,0.0,0.0,11.39
exp6_num_342249.jpg,crack,crack,normal,False,0.4213,0,0.0,0.0,0.0,0.0,10.74
exp6_num_85665.jpg,crack,crack,crack,True,0.8737,2,0.1416,1.0,0.1416,0.2131,11.49
exp6_num_86064.jpg,crack,crack,crack,True,0.873,1,0.1341,1.0,0.1341,0.2005,11.01
exp6_num_88201.jpg,crack,crack,crack,True,0.7934,1,0.085,1.0,0.085,0.1399,11.02
exp0_num_743.jpg,free,normal,normal,False,0.3748,0,,,,,5.43
exp1_num_116949.jpg,free,normal,crack,True,0.7756,7,,,,,9.06
exp1_num_143147.jpg,free,normal,normal,False,0.3486,0,,,,,12.9
exp1_num_174647.jpg,free,normal,normal,False,0.4032,0,,,,,4.86
exp1_num_187505.jpg,free,normal,crack,True,0.7749,2,,,,,5.56
exp1_num_251427.jpg,free,normal,normal,False,0.2541,0,,,,,4.09
exp1_num_262216.jpg,free,normal,normal,False,0.4161,0,,,,,7.73
exp1_num_270753.jpg,free,normal,normal,False,0.2159,0,,,,,4.87
exp1_num_284841.jpg,free,normal,normal,False,0.5364,0,,,,,7.68
exp1_num_297276.jpg,free,normal,normal,False,0.3822,0,,,,,8.67
exp1_num_309648.jpg,free,normal,normal,False,0.3472,0,,,,,5.61
exp1_num_319420.jpg,free,normal,normal,False,0.2491,0,,,,,4.8
exp1_num_331931.jpg,free,normal,normal,False,0.2225,0,,,,,10.49
exp1_num_351427.jpg,free,normal,normal,False,0.3131,0,,,,,17.94
exp1_num_37978.jpg,free,normal,normal,False,0.3793,0,,,,,14.15
exp1_num_61310.jpg,free,normal,normal,False,0.2889,0,,,,,3.22
exp1_num_824.jpg,free,normal,crack,True,0.5699,2,,,,,18.44
exp2_num_110118.jpg,free,normal,normal,False,0.2754,0,,,,,12.23
exp2_num_129608.jpg,free,normal,normal,False,0.4596,0,,,,,7.78
exp2_num_16532.jpg,free,normal,normal,False,0.3929,0,,,,,15.37
exp2_num_183171.jpg,free,normal,normal,False,0.3791,0,,,,,5.37
exp2_num_241368.jpg,free,normal,normal,False,0.1451,0,,,,,4.58
exp2_num_260505.jpg,free,normal,normal,False,0.4141,0,,,,,4.84
exp2_num_269104.jpg,free,normal,normal,False,0.3199,0,,,,,4.66
exp2_num_280962.jpg,free,normal,normal,False,0.3109,0,,,,,7.0
exp2_num_293729.jpg,free,normal,normal,False,0.3651,0,,,,,8.35
exp2_num_306609.jpg,free,normal,normal,False,0.4332,0,,,,,12.63
exp2_num_316715.jpg,free,normal,crack,False,0.5763,0,,,,,10.95
exp2_num_326603.jpg,free,normal,normal,False,0.1982,0,,,,,10.78
exp2_num_344570.jpg,free,normal,normal,False,0.239,0,,,,,17.94
exp2_num_358960.jpg,free,normal,normal,False,0.4995,0,,,,,15.58
exp2_num_52677.jpg,free,normal,normal,False,0.4613,0,,,,,3.45
exp2_num_68382.jpg,free,normal,normal,False,0.2961,0,,,,,3.56
exp3_num_10215.jpg,free,normal,normal,False,0.3731,0,,,,,17.45
exp3_num_118911.jpg,free,normal,normal,False,0.2411,0,,,,,13.69
exp3_num_144210.jpg,free,normal,normal,False,0.3009,0,,,,,12.29
exp3_num_178510.jpg,free,normal,normal,False,0.2495,0,,,,,5.5
exp3_num_193139.jpg,free,normal,normal,False,0.1679,0,,,,,4.89
exp3_num_256305.jpg,free,normal,crack,False,0.605,0,,,,,8.93
exp3_num_2642.jpg,free,normal,normal,False,0.3085,0,,,,,2.9
exp3_num_275697.jpg,free,normal,normal,False,0.3449,0,,,,,8.91
exp3_num_289625.jpg,free,normal,normal,False,0.3838,0,,,,,9.2
exp3_num_301511.jpg,free,normal,normal,False,0.3372,0,,,,,12.05
exp3_num_31138.jpg,free,normal,normal,False,0.303,0,,,,,3.39
exp3_num_320486.jpg,free,normal,normal,False,0.4945,0,,,,,11.83
exp3_num_332719.jpg,free,normal,normal,False,0.279,0,,,,,9.19
exp3_num_354417.jpg,free,normal,normal,False,0.5343,0,,,,,22.5
exp3_num_3828.jpg,free,normal,crack,True,0.7684,7,,,,,4.57
exp3_num_61338.jpg,free,normal,normal,False,0.133,0,,,,,3.02
exp3_num_91008.jpg,free,normal,normal,False,0.3189,0,,,,,12.55
exp4_num_11314.jpg,free,normal,normal,False,0.4076,0,,,,,16.59
exp4_num_13589.jpg,free,normal,normal,False,0.4979,0,,,,,17.37
exp4_num_16575.jpg,free,normal,normal,False,0.3794,0,,,,,14.26
exp4_num_183867.jpg,free,normal,normal,False,0.1431,0,,,,,5.59
exp4_num_245804.jpg,free,normal,normal,False,0.3298,0,,,,,4.65
exp4_num_260976.jpg,free,normal,normal,False,0.3902,0,,,,,5.67
exp4_num_269682.jpg,free,normal,normal,False,0.35,0,,,,,5.07
exp4_num_282921.jpg,free,normal,normal,False,0.3429,0,,,,,7.7
exp4_num_29521.jpg,free,normal,normal,False,0.3006,0,,,,,13.68
exp4_num_308849.jpg,free,normal,normal,False,0.442,0,,,,,11.54
exp4_num_317600.jpg,free,normal,normal,False,0.2119,0,,,,,10.91
exp4_num_326953.jpg,free,normal,normal,False,0.4564,0,,,,,11.25
exp4_num_346361.jpg,free,normal,normal,False,0.4019,0,,,,,18.61
exp4_num_359501.jpg,free,normal,normal,False,0.4762,0,,,,,16.33
exp4_num_52715.jpg,free,normal,normal,False,0.4047,0,,,,,3.03
exp4_num_68413.jpg,free,normal,normal,False,0.147,0,,,,,3.02
exp5_num_10250.jpg,free,normal,normal,False,0.4069,0,,,,,19.64
exp5_num_117033.jpg,free,normal,crack,True,0.6877,4,,,,,8.6
exp5_num_143282.jpg,free,normal,normal,False,0.2611,0,,,,,12.63
exp5_num_178016.jpg,free,normal,crack,True,0.7198,4,,,,,6.14
exp5_num_192233.jpg,free,normal,normal,False,0.3911,0,,,,,6.95
exp5_num_255775.jpg,free,normal,normal,False,0.3337,0,,,,,7.7
exp5_num_263887.jpg,free,normal,normal,False,0.4195,0,,,,,9.26
exp5_num_275434.jpg,free,normal,normal,False,0.2956,0,,,,,8.62
exp5_num_286294.jpg,free,normal,normal,False,0.4373,0,,,,,9.25
exp5_num_299793.jpg,free,normal,normal,False,0.3844,0,,,,,5.27
exp5_num_311371.jpg,free,normal,normal,False,0.4481,0,,,,,5.59
exp5_num_319758.jpg,free,normal,normal,False,0.3172,0,,,,,10.13
exp5_num_331983.jpg,free,normal,normal,False,0.2708,0,,,,,10.79
exp5_num_354439.jpg,free,normal,crack,True,0.5784,3,,,,,21.09
exp5_num_38064.jpg,free,normal,normal,False,0.2521,0,,,,,14.34
exp5_num_5874.jpg,free,normal,normal,False,0.2748,0,,,,,14.81
exp5_num_7935.jpg,free,normal,normal,False,0.0757,0,,,,,3.38
exp6_num_106873.jpg,free,normal,normal,False,0.4056,0,,,,,8.58
exp6_num_126888.jpg,free,normal,crack,True,0.6728,2,,,,,11.22
exp6_num_157298.jpg,free,normal,normal,False,0.2711,0,,,,,4.96
exp6_num_180965.jpg,free,normal,normal,False,0.3805,0,,,,,5.57
exp6_num_2121.jpg,free,normal,crack,True,0.5666,6,,,,,25.77
exp6_num_258043.jpg,free,normal,normal,False,0.4107,0,,,,,8.53
exp6_num_266888.jpg,free,normal,normal,False,0.3923,0,,,,,5.46
exp6_num_279178.jpg,free,normal,normal,False,0.3363,0,,,,,8.82
exp6_num_292199.jpg,free,normal,normal,False,0.3477,0,,,,,8.45
exp6_num_304958.jpg,free,normal,normal,False,0.2131,0,,,,,4.94
exp6_num_315056.jpg,free,normal,normal,False,0.3894,0,,,,,5.36
exp6_num_321501.jpg,free,normal,normal,False,0.1974,0,,,,,12.6
exp6_num_34208.jpg,free,normal,normal,False,0.3764,0,,,,,14.5
exp6_num_359029.jpg,free,normal,crack,True,0.5811,1,,,,,19.85
exp6_num_50468.jpg,free,normal,normal,False,0.2118,0,,,,,13.21
exp6_num_6600.jpg,free,normal,crack,True,0.6266,3,,,,,19.32
exp6_num_95059.jpg,free,normal,normal,False,0.2887,0,,,,,12.55
