file,gt_count,pred_count,matched,correct_label,missed,spurious,elapsed_ms
wp_0001.png,1,1,1,1,0,0,3.26
wp_0002.png,2,2,2,2,0,0,2.79
wp_0003.png,1,1,1,0,0,0,2.51
wp_0004.png,4,3,3,3,1,0,2.61
wp_0005.png,4,4,4,4,0,0,2.61
wp_0006.png,4,4,4,4,0,0,2.67
wp_0007.png,2,2,2,2,0,0,2.49
wp_0008.png,4,4,4,4,0,0,2.67
wp_0009.png,3,3,3,3,0,0,2.8
wp_0010.png,2,2,2,2,0,0,2.54
wp_0011.png,1,1,1,1,0,0,2.48
wp_0012.png,2,2,2,2,0,0,2.53
wp_0013.png,2,2,2,2,0,0,2.51
wp_0014.png,2,2,2,2,0,0,2.51
wp_0015.png,1,1,1,1,0,0,2.43
wp_0016.png,1,1,1,1,0,0,2.55
wp_0017.png,2,2,2,1,0,0,2.47
wp_0018.png,4,4,4,4,0,0,2.52
wp_0019.png,2,2,2,2,0,0,2.43
wp_0020.png,2,2,2,1,0,0,2.5
wp_0021.png,2,2,2,2,0,0,2.47
wp_0022.png,3,3,3,3,0,0,2.52
wp_0023.png,4,4,4,3,0,0,2.45
wp_0024.png,3,3,3,3,0,0,2.55
wp_0025.png,4,4,4,4,0,0,2.52
wp_0026.png,4,4,4,4,0,0,2.42
wp_0027.png,1,1,1,1,0,0,2.32
wp_0028.png,1,1,1,1,0,0,2.31
wp_0029.png,3,3,3,3,0,0,2.5
wp_0030.png,1,1,1,1,0,0,2.49
wp_0031.png,2,2,2,2,0,0,2.55
wp_0032.png,4,4,4,4,0,0,2.58
wp_0033.png,1,1,1,1,0,0,2.28
wp_0034.png,4,4,4,4,0,0,2.4
wp_0035.png,4,4,4,4,0,0,2.53
wp_0036.png,3,3,3,3,0,0,2.54
wp_0037.png,1,1,1,1,0,0,2.42
wp_0038.png,3,3,3,3,0,0,2.62
wp_0039.png,4,3,3,3,1,0,2.44
wp_0040.png,4,4,4,3,0,0,2.62
wp_0041.png,4,4,4,4,0,0,2.47
wp_0042.png,4,4,4,4,0,0,2.72
wp_0043.png,1,1,1,1,0,0,2.45
wp_0044.png,1,1,1,1,0,0,2.32
wp_0045.png,1,1,1,1,0,0,2.28
wp_0046.png,2,2,2,2,0,0,2.48
wp_0047.png,2,2,2,2,0,0,2.47
wp_0048.png,3,3,3,3,0,0,2.36
wp_0049.png,1,1,1,1,0,0,2.3
wp_0050.png,2,2,2,2,0,0,2.38
wp_0051.png,3,3,3,3,0,0,2.36
wp_0052.png,4,4,4,3,0,0,2.45
wp_0053.png,1,1,1,1,0,0,2.52
wp_0054.png,2,2,2,2,0,0,2.35
wp_0055.png,4,4,4,3,0,0,2.47
wp_0056.png,3,3,3,3,0,0,2.36
wp_0057.png,1,1,1,1,0,0,2.33
wp_0058.png,2,2,2,2,0,0,2.41
wp_0059.png,4,4,4,4,0,0,2.36
wp_0060.png,2,2,2,2,0,0,2.4
wp_0061.png,3,3,3,3,0,0,2.47
wp_0062.png,4,4,4,4,0,0,2.45
wp_0063.png,2,2,2,2,0,0,2.34
wp_0064.png,3,3,3,3,0,0,2.34
wp_0065.png,4,4,4,4,0,0,2.38
wp_0066.png,4,4,4,4,0,0,2.59
wp_0067.png,1,1,1,1,0,0,2.36
wp_0068.png,4,4,4,4,0,0,2.37
wp_0069.png,4,4,4,4,0,0,2.51
wp_0070.png,2,2,2,2,0,0,2.46
wp_0071.png,3,3,3,3,0,0,2.58
wp_0072.png,3,1,1,1,2,0,2.47
wp_0073.png,1,1,1,1,0,0,2.36
wp_0074.png,2,2,2,2,0,0,2.42
wp_0075.png,3,3,3,3,0,0,2.44
wp_0076.png,2,2,2,2,0,0,2.43
wp_0077.png,2,2,2,2,0,0,2.43
wp_0078.png,2,2,2,2,0,0,2.28
wp_0079.png,2,2,2,2,0,0,2.31
wp_0080.png,4,4,4,4,0,0,2.4
wp_0081.png,3,3,3,3,0,0,2.31
wp_0082.png,1,1,1,1,0,0,2.32
wp_0083.png,1,1,1,1,0,0,2.25
wp_0084.png,2,2,2,2,0,0,2.45
wp_0085.png,4,4,4,4,0,0,2.5
wp_0086.png,1,1,1,1,0,0,2.34
wp_0087.png,2,2,2,2,0,0,2.58
wp_0088.png,3,3,3,3,0,0,2.44
wp_0089.png,3,3,3,3,0,0,2.45
wp_0090.png,1,1,1,1,0,0,2.43
wp_0091.png,3,3,3,3,0,0,2.59
wp_0092.png,4,4,4,4,0,0,2.57
wp_0093.png,2,2,2,2,0,0,2.38
wp_0094.png,3,3,3,3,0,0,2.4
wp_0095.png,1,1,1,1,0,0,2.64
wp_0096.png,4,4,4,4,0,0,2.55
wp_0097.png,4,3,3,3,1,0,2.59
wp_0098.png,3,3,3,3,0,0,2.41
wp_0099.png,1,1,1,1,0,0,2.32
wp_0100.png,1,1,1,1,0,0,2.41
wp_0101.png,4,4,4,4,0,0,3.46
wp_0102.png,1,1,1,1,0,0,2.44
wp_0103.png,4,4,4,4,0,0,2.48
wp_0104.png,4,4,4,4,0,0,2.51
wp_0105.png,3,3,3,3,0,0,2.61
wp_0106.png,2,2,2,2,0,0,2.48
wp_0107.png,1,1,1,1,0,0,2.38
wp_0108.png,3,3,3,3,0,0,2.47
wp_0109.png,4,4,4,4,0,0,2.48
wp_0110.png,2,2,2,2,0,0,2.45
wp_0111.png,4,4,4,4,0,0,2.47
wp_0112.png,1,1,1,1,0,0,2.45
wp_0113.png,4,4,4,4,0,0,2.56
wp_0114.png,3,3,3,3,0,0,2.49
wp_0115.png,2,2,2,2,0,0,2.42
wp_0116.png,2,2,2,2,0,0,2.47
wp_0117.png,2,2,2,2,0,0,2.4
wp_0118.png,4,4,4,4,0,0,2.42
wp_0119.png,3,3,3,3,0,0,2.5
wp_0120.png,2,1,1,1,1,0,2.62
